id,data
lfi,
lfi.density_estimation,
lfi.density_estimation.kde,0
lfi.density_estimation.histograms,0
lfi.density_estimation.neural_likelihood,0
lfi.density_estimation.neural_posterior,0
lfi.density_estimation.snl,0
lfi.density_estimation.scandal,0
lfi.density_estimation.snp,0
lfi.density_estimation.synthetic_likelihood,0
lfi.rejection_abc,
lfi.rejection_abc.bolfi,0
lfi.rejection_abc.abc,0
lfi.rejection_abc.abc_pmc,0
lfi.likelihood_ratio,
lfi.likelihood_ratio.lfire,0
lfi.likelihood_ratio.carl,0
